latest.student.size,latest.admissions.admission_rate.overall,latest.cost.avg_net_price.overall,latest.completion.completion_rate_4yr_150nt,latest.earnings.10_yrs_after_entry.median,school.name,school.city,school.ownership,id,location.lat,location.lon
46.0,1.0,26018.0,0.0833,,Bais Binyomin Academy,Monsey,2,128586,41.123013,-74.078802
225.0,0.9589,31625.0,0.6828,46543.0,Simon's Rock at Bard College,Barrytown,2,167792,42.208803,-73.379201
1302.0,,39986.0,0.3919,64973.0,Vaughn College of Aeronautics and Technology,Flushing,2,188340,40.768348,-73.881721
5276.0,0.6591,30783.0,0.6715,75482.0,Adelphi University,Garden City,2,188429,40.721439,-73.653321
1844.0,,10389.0,,41267.0,SUNY Adirondack,Queensbury,1,188438,43.351839,-73.654813
240.0,,12443.0,0.2857,32568.0,Bryant & Stratton College-Albany,Albany,2,188517,42.698125,-73.809977
481.0,0.5269,29882.0,0.6754,131426.0,Albany College of Pharmacy and Health Sciences,Albany,2,188526,42.650371,-73.779063
,,,,,Albany Law School,Albany,2,188535,42.651818,-73.777495
,,,,,Albany Medical College,Albany,2,188580,42.65382,-73.777289
1423.0,0.7384,25620.0,0.5698,54897.0,Alfred University,Alfred,2,188641,42.254476,-77.788106
192.0,,26106.0,,34186.0,Allen School-Brooklyn,Brooklyn,3,188650,40.693797,-73.991546
94.0,0.3248,35855.0,,22782.0,The Ailey School,New York,2,188669,40.766921,-73.986891
187.0,0.9196,55553.0,,27019.0,American Academy of Dramatic Arts-New York,New York,2,188678,40.745545,-73.984843
270.0,,22872.0,,54695.0,American Academy McAllister Institute of Funeral Service,New York,2,188687,40.757105,-73.986466
1438.0,0.2448,41416.0,0.7164,26975.0,American Musical and Dramatic Academy,New York,2,188854,40.772275,-73.987549
1400.0,,14826.0,,41093.0,Apex Technical School,Long Island City,2,188890,40.748807,-73.949306
52.0,0.6667,20068.0,,70775.0,Arnot Ogden Medical Center,Elmira,2,188915,42.101171,-76.828062
254.0,0.8411,22709.0,0.7746,17686.0,Associated Beth Rivkah Schools,Brooklyn,2,188942,40.666034,-73.949796
,,,,,Bank Street College of Education,New York,2,189015,40.805604,-73.966643
2414.0,0.5212,34649.0,0.6756,46543.0,Bard College,Annandale-On-Hudson,2,189088,42.020386,-73.909927
3264.0,0.0884,28800.0,0.9302,80516.0,Barnard College,New York,2,189097,40.810098,-73.963346
152.0,,16770.0,,49748.0,Berk Trade and Business School,Long Island City,3,189219,40.745021,-73.930982
1449.0,,34124.0,0.4401,45884.0,Berkeley College-New York,New York,3,189228,40.753986,-73.979458
102.0,,,,,Berkowits School of Electrolysis,Forest Hills,3,189255,40.709736,-73.845213
91.0,0.8974,10831.0,0.125,,Beth Hamedrash Shaarei Yosher Institute,Brooklyn,2,189273,40.635444,-73.981202
311.0,,,1.0,96980.0,Mount Sinai Phillips School of Nursing,New York,2,189282,40.804778,-73.936639
89.0,,23643.0,,17992.0,Brittany Beauty Academy,Brooklyn,3,189404,40.62318,-74.028581
391.0,,15245.0,0.806,35348.0,Boricua College,New York,2,189413,40.833434,-73.9458
141.0,,21312.0,,18753.0,Brittany Beauty Academy,Levittown,3,189468,40.72479,-73.516164
113.0,,12492.0,,21111.0,American Beauty School,Bronx,3,189477,40.835331,-73.860639
,,,,,Brooklyn Law School,Brooklyn,2,189501,40.691836,-73.989623
3055.0,,8940.0,,39710.0,SUNY Broome Community College,Binghamton,1,189547,42.135872,-75.908065
458.0,,15217.0,0.3163,32568.0,Bryant & Stratton College-Syracuse North,Liverpool,2,189565,43.149337,-76.230807
743.0,,14135.0,0.2121,32568.0,Bryant & Stratton College-Buffalo,Buffalo,2,189583,42.887197,-78.869108
363.0,,11503.0,0.1,32568.0,Bryant & Stratton College-Greece,Rochester,2,189592,43.240547,-77.69559
1685.0,0.7236,17940.0,0.6639,60681.0,Canisius University,Buffalo,2,189705,42.925206,-78.852577
285.0,,17425.0,,30190.0,Capri Cosmetology Learning Centers,Nanuet,3,189714,41.09909,-74.022421
1056.0,,26315.0,,104403.0,St Paul's School of Nursing-Queens,Rego Park,3,189811,40.72921,-73.858441
1187.0,,8662.0,,38709.0,Cayuga County Community College,Auburn,1,189839,42.943726,-76.542867
863.0,0.8743,21437.0,0.0513,35023.0,Central Yeshiva Tomchei Tmimim Lubavitz,Brooklyn,2,189857,40.669694,-73.938778
641.0,,14570.0,,,Christine Valmy International School for Esthetics Skin Care & Makeup,New York,3,189990,40.757105,-73.986466
39.0,0.08,28089.0,,39899.0,Circle in the Square Theatre School,New York,2,190008,40.762059,-73.984607
2196.0,0.7736,30305.0,0.7491,89696.0,Clarkson University,Potsdam,2,190044,44.662716,-74.999359
400.0,,9112.0,,39246.0,Clinton Community College,Plattsburgh,1,190053,44.64841,-73.439739
117.0,,,,99503.0,Cochran School of Nursing,Yonkers,2,190071,40.969116,-73.885705
,,,,,Colgate Rochester Crozer Divinity School,Rochester,2,190080,43.159775,-77.584292
3180.0,0.1388,28786.0,0.9117,85139.0,Colgate University,Hamilton,2,190099,42.819475,-75.536346
402.0,0.9,28882.0,0.4,46236.0,Metropolitan College of New York,New York,2,190114,40.708706,-74.014702
8973.0,0.0399,21590.0,0.961,102491.0,Columbia University in the City of New York,New York,2,190150,40.808286,-73.961885
876.0,,6559.0,,44441.0,Columbia-Greene Community College,Hudson,1,190169,42.217613,-73.818113
172.0,,18046.0,,24397.0,Empire Beauty School-Queens,Astoria,3,190239,40.759259,-73.919033
194.0,,14993.0,,23906.0,Continental School of Beauty Culture-Rochester,Rochester,3,190318,43.086397,-77.626383
842.0,0.2071,13269.0,0.8111,83847.0,The Cooper Union for the Advancement of Science and Art,New York,2,190372,40.728148,-73.991609
15995.0,0.0876,28690.0,0.9538,104043.0,Cornell University,Ithaca,2,190415,42.4472,-76.483084
,,,,104043.0,Weill Medical College of Cornell University,New York,2,190424,40.764738,-73.954839
1138.0,,7373.0,,38817.0,SUNY Corning Community College,Corning,1,190442,42.116736,-77.072138
173.0,0.7778,,,83972.0,Pomeroy College of Nursing at Crouse Hospital,East Syracuse,2,190451,43.101054,-76.056002
3011.0,0.9115,36113.0,0.6292,47475.0,Culinary Institute of America,Hyde Park,2,190503,41.745806,-73.933231
16154.0,0.4752,3033.0,0.7212,75971.0,CUNY Bernard M Baruch College,New York,1,190512,40.740238,-73.983417
18623.0,,4976.0,,42306.0,CUNY Borough of Manhattan Community College,New York,1,190521,40.71879,-74.011826
5964.0,,4462.0,,41307.0,CUNY Bronx Community College,Bronx,1,190530,40.858112,-73.912043
10543.0,0.5836,3103.0,0.5386,60752.0,CUNY Brooklyn College,Brooklyn,1,190549,40.631517,-73.949898
9657.0,0.9234,5579.0,0.3393,53501.0,College of Staten Island CUNY,Staten Island,1,190558,40.601831,-74.14849
12505.0,0.6002,3776.0,0.5682,66039.0,CUNY City College,New York,1,190567,40.819846,-73.948542
3254.0,0.6849,,,65991.0,CUNY Graduate School and University Center,New York,1,190576,40.748612,-73.983822
4900.0,,5297.0,,40485.0,CUNY Hostos Community College,Bronx,1,190585,40.81812,-73.926759
16289.0,0.538,2984.0,0.5686,63163.0,CUNY Hunter College,New York,1,190594,40.768669,-73.964795
11590.0,0.5711,3203.0,0.5583,56195.0,CUNY John Jay College of Criminal Justice,New York,1,190600,40.770351,-73.98841
7670.0,,5606.0,,42621.0,CUNY Kingsborough Community College,Brooklyn,1,190619,40.577222,-73.935812
11254.0,,6120.0,,41653.0,CUNY LaGuardia Community College,Long Island City,1,190628,40.7445,-73.935057
10696.0,0.5658,3148.0,0.5128,58013.0,CUNY Lehman College,Bronx,1,190637,40.872962,-73.895379
3233.0,0.8605,5718.0,0.1977,46498.0,CUNY Medgar Evers College,Brooklyn,1,190646,40.666256,-73.957076
13580.0,0.8029,5127.0,0.2147,49365.0,CUNY New York City College of Technology,Brooklyn,1,190655,40.695483,-73.987856
12550.0,0.6435,4195.0,0.5325,62763.0,CUNY Queens College,Queens,1,190664,40.736416,-73.820053
8940.0,,4458.0,,44214.0,CUNY Queensborough Community College,Bayside,1,190673,40.755481,-73.756656
,,,,,CUNY School of Law,Long Island City,1,190682,40.747797,-73.943621
4345.0,0.641,4456.0,0.3225,56945.0,CUNY York College,Jamaica,1,190691,40.701576,-73.796313
20.0,0.8571,9092.0,,,CVPH Medical Center School of Radiologic Technology,Plattsburgh,2,190707,44.699929,-73.469597
1258.0,0.8137,20433.0,0.6749,66942.0,D'Youville  University,Buffalo,2,190716,42.902636,-78.890868
1643.0,0.6826,18693.0,0.5888,61808.0,Daemen University,Amherst,2,190725,42.965605,-78.788111
60.0,0.92,7269.0,0.2,,Yeshiva of Far Rockaway Derech Ayson Rabbinical Seminary,Far Rockaway,2,190752,40.60049,-73.743901
1105.0,0.633,41832.0,0.5251,61171.0,Dominican University New York,Orangeburg,2,190761,41.047419,-73.950555
3824.0,,10065.0,,43929.0,Dutchess Community College,Poughkeepsie,1,190840,41.724245,-73.904652
162.0,0.0,13185.0,,79677.0,Belanger School of Nursing,Schenectady,2,190956,42.802979,-73.915884
708.0,0.7696,22386.0,0.6471,57550.0,Elmira College,Elmira,2,190983,42.0961,-76.813459
6099.0,,7765.0,,41228.0,Erie Community College,Buffalo,1,191083,42.881771,-78.872679
7637.0,0.6024,19095.0,0.8068,62696.0,Fashion Institute of Technology,New York,1,191126,40.74731,-73.994781
2980.0,,13898.0,,40054.0,Finger Lakes Community College,Canandaigua,1,191199,42.867556,-77.241801
547.0,0.5382,22992.0,0.5532,35887.0,Five Towns College,Dix Hills,3,191205,40.794506,-73.369348
10512.0,0.5931,44338.0,0.8191,85569.0,Fordham University,Bronx,2,191241,40.859354,-73.882705
1001.0,,6696.0,,39535.0,Fulton-Montgomery Community College,Johnstown,1,191302,42.983805,-74.297492
160.0,,18977.0,,42588.0,Gemological Institute of America-New York,New York,2,191311,40.757267,-73.980813
1973.0,,8334.0,,39674.0,Genesee Community College,Batavia,1,191339,43.017016,-78.138079
2030.0,0.1362,28985.0,0.9063,78411.0,Hamilton College,Clinton,2,191515,43.050245,-75.408195
1087.0,0.696,31320.0,0.5332,61107.0,Hartwick College,Oneonta,2,191533,42.457599,-75.071994
914.0,0.1695,47181.0,,111027.0,Helene Fuld College of Nursing,New York,2,191597,40.802495,-73.943356
1168.0,,13419.0,,39199.0,Herkimer County Community College,Herkimer,1,191612,43.032738,-75.007206
921.0,0.972,22723.0,0.5631,48309.0,Hilbert College,Hamburg,2,191621,42.75464,-78.820257
1786.0,0.6399,31563.0,0.7725,68831.0,Hobart William Smith Colleges,Geneva,2,191630,42.858131,-76.985516
6488.0,0.6808,34176.0,0.6854,69039.0,Hofstra University,Hempstead,2,191649,40.715959,-73.60078
753.0,0.8866,20519.0,0.6522,46721.0,Houghton University,Houghton,2,191676,42.426137,-78.155426
6499.0,,8501.0,,45460.0,Hudson Valley Community College,Troy,1,191719,42.696509,-73.683734
1261.0,,23738.0,,36312.0,Hunter Business School,Levittown,3,191728,40.728029,-73.501125
2951.0,0.8694,29188.0,0.56,73595.0,Iona University,New Rochelle,2,191931,40.925725,-73.788046
85.0,,5969.0,,48143.0,Isabella Graham Hart School of Practical Nursing,Rochester,2,191940,43.198008,-77.572061
4242.0,0.6901,33926.0,0.7623,63548.0,Ithaca College,Ithaca,2,191968,42.422154,-76.494136
1739.0,,9850.0,,38242.0,Jamestown Community College,Jamestown,1,191986,42.1146,-79.218967
1499.0,,11923.0,,39991.0,Jefferson Community College,Watertown,1,192022,43.992827,-75.935051
172.0,0.4861,43195.0,0.9032,92751.0,Jewish Theological Seminary of America,New York,2,192040,40.811892,-73.960582
468.0,0.0915,43571.0,0.9256,37827.0,The Juilliard School,New York,2,192110,40.773725,-73.982913
205.0,,3822.0,0.6341,36442.0,Kehilath Yakov Rabbinical Seminary,Ossining,2,192165,41.220521,-73.814887
966.0,0.6808,24338.0,0.5836,58289.0,Keuka College,Keuka Park,2,192192,42.615253,-77.090562
1187.0,0.959,38667.0,0.5087,58956.0,LIM College,New York,3,192271,40.754991,-73.979413
2439.0,0.8298,22277.0,0.7313,62731.0,Le Moyne College,Syracuse,2,192323,43.049192,-76.090435
5520.0,0.8616,33062.0,0.5707,59950.0,Long Island University,Brookville,2,192448,40.820714,-73.593678
101.0,,26387.0,,17378.0,Long Island Beauty School-Hempstead,Hempstead,3,192484,40.707701,-73.629666
131.0,1.0,16515.0,0.3333,41527.0,Machzikei Hadath Rabbinical College,Brooklyn,2,192624,40.627937,-73.988378
497.0,,35578.0,,39108.0,Mandl School-The College of Allied Health,New York,3,192688,40.764404,-73.983786
2744.0,0.7894,27256.0,0.6371,86316.0,Manhattan University,Riverdale,2,192703,40.889756,-73.901893
539.0,0.4078,51754.0,0.7832,26878.0,Manhattan School of Music,New York,2,192712,40.812312,-73.961334
1362.0,0.8734,20991.0,0.5842,58832.0,Manhattanville University,Purchase,2,192749,41.032187,-73.715645
656.0,0.4448,13082.0,0.3,55458.0,Maria College of Albany,Albany,2,192785,42.657789,-73.806287
14.0,1.0,14370.0,,70771.0,Marion S Whelan School of Nursing of Geneva General Hospital,Geneva,2,192800,42.876429,-76.987844
5182.0,0.5651,41544.0,0.796,77819.0,Marist University,Poughkeepsie,2,192819,41.720937,-73.935484
1577.0,0.8261,36861.0,0.4904,49131.0,Marymount Manhattan College,New York,2,192864,40.768787,-73.959767
123.0,1.0,,,62588.0,St. Peter's Hospital College of Nursing,Albany,2,192961,42.658346,-73.807616
5735.0,0.8584,14072.0,0.4571,52055.0,Mercy University,Dobbs Ferry,2,193016,41.021626,-73.874447
399.0,0.8,4876.0,0.5,,Mesivta Torah Vodaath Rabbinical Seminary,Brooklyn,2,193052,40.6382,-73.969395
39.0,0.5556,9927.0,0.6667,,Mesivta of Eastern Parkway-Yeshiva Zichron Meilech,Brooklyn,2,193061,40.635236,-73.979327
51.0,0.6,8290.0,0.0667,,Mesivtha Tifereth Jerusalem of America,New York,2,193070,40.713812,-73.991271
369.0,,24241.0,,38830.0,Mildred Elley School-Albany Campus,Albany,3,193201,42.680833,-73.788615
120.0,0.8929,10728.0,0.7273,41192.0,Mirrer Yeshiva Cent Institute,Brooklyn,2,193247,40.605043,-73.966049
58.0,,22618.0,,48703.0,Modern Welding School,Schenectady,3,193265,42.779193,-73.903157
2950.0,,8987.0,,39850.0,Mohawk Valley Community College,Utica,1,193283,43.076765,-75.219367
3162.0,0.8174,24347.0,0.6993,77789.0,Molloy University,Rockville Centre,2,193292,40.685941,-73.626183
5701.0,0.6751,14522.0,0.5655,41236.0,Monroe University,Bronx,3,193308,40.864459,-73.900215
7623.0,,6353.0,,40174.0,Monroe Community College,Rochester,1,193326,43.101036,-77.610136
1148.0,0.8888,25522.0,0.6546,67705.0,Mount Saint Mary College,Newburgh,2,193353,41.513872,-74.012655
121.0,,,,,Montefiore School of Nursing,Mount Vernon,2,193380,40.912133,-73.840582
2692.0,0.8511,21696.0,0.5683,65756.0,University of Mount Saint Vincent,Bronx,2,193399,40.913657,-73.908887
,,,,,Icahn School of Medicine at Mount Sinai,New York,2,193405,40.790359,-73.952414
10630.0,,7095.0,,48248.0,Nassau Community College,Garden City,1,193478,40.728872,-73.595286
1873.0,0.7472,29357.0,0.7279,56458.0,Nazareth University,Rochester,2,193584,43.101576,-77.518579
67.0,0.5333,40023.0,,29382.0,Neighborhood Playhouse School of the Theater,New York City,2,193609,40.756613,-73.965332
6563.0,0.6347,58741.0,0.6937,52901.0,The New School,New York,2,193654,40.735508,-73.997114
71.0,,,,,Northeast College of Health Sciences,Seneca Falls,2,193751,42.91173,-76.756232
,,,,,New York Law School,New York,2,193821,40.717998,-74.006969
,,,,,New York Medical College,Valhalla,2,193830,41.085031,-73.810042
277.0,,20097.0,,38899.0,New York School for Medical and Dental Assistants,Long Island City,3,193858,40.744291,-73.931391
28663.0,0.0923,37050.0,0.8757,82509.0,New York University,New York,2,193900,40.729452,-73.997264
3084.0,,6876.0,,42285.0,Niagara County Community College,Sanborn,1,193946,43.147701,-78.87579
2653.0,0.8737,17248.0,0.7451,56196.0,Niagara University,Niagara University,2,193973,43.137279,-79.036689
49.0,,19310.0,,27916.0,Empire Beauty School-Peekskill,Peekskill,3,193991,41.291484,-73.918806
819.0,,11868.0,,38276.0,North Country Community College,Saranac Lake,1,194028,44.318645,-74.119981
,,,,,New York College of Podiatric Medicine,New York,2,194073,40.805037,-73.940496
3440.0,0.8102,22443.0,0.5877,70080.0,New York Institute of Technology,Old Westbury,2,194091,40.812447,-73.6078
427.0,0.6289,45271.0,0.6923,48041.0,New York School of Interior Design,New York,2,194116,40.768615,-73.962404
100.0,1.0,,,,Ohr Hameir Theological Seminary,Peekskill,2,194189,41.268725,-73.889793
4456.0,,8562.0,,41190.0,Onondaga Community College,Syracuse,1,194222,43.006329,-76.197878
3989.0,,6794.0,,44117.0,Orange County Community College,Middletown,1,194240,41.438629,-74.426028
31.0,,,,45248.0,Otsego Area BOCES-Practical Nursing Program,Oneonta,1,194259,42.459471,-75.064864
7665.0,0.7592,30892.0,0.6003,70378.0,Pace University,New York,2,194310,40.711014,-74.004719
579.0,0.7653,26683.0,0.5055,46145.0,Paul Smiths College of Arts and Science,Paul Smiths,2,194392,44.433965,-74.252675
78.0,,13937.0,,22193.0,Continental School of Beauty Culture-West Seneca,West Seneca,3,194435,42.828416,-78.754584
984.0,0.3,19860.0,0.6762,31519.0,Plaza College,Forest Hills,3,194499,40.714894,-73.831156
106.0,0.5625,12875.0,0.2667,38450.0,Davis College,Pottersville,2,194569,43.730713,-73.812057
3910.0,0.7325,52659.0,0.7354,54295.0,Pratt Institute-Main,Brooklyn,2,194578,40.691297,-73.96431
141.0,0.9362,6415.0,0.4615,,Rabbinical Academy Mesivta Rabbi Chaim Berlin,Brooklyn,2,194657,40.618347,-73.963615
473.0,,9136.0,0.8286,20707.0,Rabbinical College Bobover Yeshiva Bnei Zion,Brooklyn,2,194666,40.631954,-73.985026
52.0,0.9167,,0.5,,Rabbinical College Beth Shraga,Monsey,2,194693,41.114116,-74.07258
159.0,1.0,12117.0,0.2273,,Rabbinical College of Long Island,Long Beach,2,194736,40.586427,-73.670238
397.0,0.9845,4844.0,0.3026,,Rabbinical Seminary of America,Flushing,2,194763,40.72308,-73.817161
5714.0,0.6347,36228.0,0.8362,102051.0,Rensselaer Polytechnic Institute,Troy,2,194824,42.729978,-73.676646
1149.0,0.7063,23130.0,0.6667,55031.0,Roberts Wesleyan University,Rochester,2,194958,43.125755,-77.798498
13215.0,0.6693,34906.0,0.6989,76571.0,Rochester Institute of Technology,Rochester,2,195003,43.084188,-77.67386
6331.0,0.4008,29278.0,0.8543,79042.0,University of Rochester,Rochester,2,195030,43.126397,-77.631202
,,,,,The Rockefeller University,New York,2,195049,40.762489,-73.955198
3834.0,,11282.0,,50243.0,Rockland Community College,Suffern,1,195058,41.133929,-74.085969
388.0,,18892.0,,24022.0,Empire Beauty School-Manhattan,New York,3,195067,40.748938,-73.986453
1244.0,0.5326,22917.0,0.561,58316.0,Russell Sage College,Troy,2,195128,42.72822,-73.693711
,,,,,St Bernard's School of Theology and Ministry,Rochester,2,195155,43.102185,-77.526326
2012.0,0.8165,27074.0,0.6673,57214.0,St Bonaventure University,Saint Bonaventure,2,195164,42.080191,-78.481107
1684.0,,18129.0,0.5464,58099.0,St. Francis College,Brooklyn,2,195173,40.690233,-73.986559
313.0,1.0,,,81908.0,St. Joseph's College of Nursing,Syracuse,2,195191,43.055355,-76.148355
1918.0,0.5434,28651.0,0.7906,67258.0,St Lawrence University,Canton,2,195216,44.589879,-75.161343
972.0,0.9305,19994.0,0.5404,62909.0,St. Thomas Aquinas College,Sparkill,2,195243,41.041576,-73.936799
129.0,1.0,,,64383.0,Samaritan Hospital School of Nursing,Troy,2,195289,42.742861,-73.676151
1530.0,0.6173,41437.0,0.7133,53603.0,Sarah Lawrence College,Bronxville,2,195304,40.9355,-73.843727
1507.0,,8947.0,,40902.0,Schenectady County Community College,Schenectady,1,195322,42.814412,-73.950008
156.0,,,0.0,,Sh'or Yoshuv Rabbinical College,Lawrence,2,195438,40.605227,-73.740085
3409.0,0.6902,33733.0,0.7473,76079.0,Siena University,Loudonville,2,195474,42.717602,-73.7526
2694.0,0.2105,32297.0,0.8257,69363.0,Skidmore College,Saratoga Springs,2,195526,43.097035,-73.785335
3144.0,0.7205,19035.0,0.6878,63905.0,St. Joseph's University-New York,Brooklyn,2,195544,40.690418,-73.967664
,,,,,Saint Vladimirs Orthodox Theological Seminary,Yonkers,2,195580,40.969393,-73.824358
153.0,1.0,,,72122.0,Saint Elizabeth College of Nursing,Utica,2,195702,43.082768,-75.267857
2565.0,0.664,28945.0,0.7417,66944.0,St. John Fisher University,Rochester,2,195720,43.116259,-77.513056
656.0,,35666.0,,86693.0,St Paul's School of Nursing-Staten Island,Staten Island,3,195784,40.605584,-74.179757
9477.0,0.8343,29999.0,0.6609,69571.0,St. John's University-New York,Queens,2,195809,40.722523,-73.796104
836.0,,8482.0,,38354.0,Sullivan County Community College,Loch Sheldrake,1,195988,41.7641,-74.667769
3563.0,0.7568,15016.0,0.5506,50445.0,SUNY College of Technology at Alfred,Alfred,1,196006,42.255262,-77.794632
2741.0,0.9215,15268.0,0.3845,47860.0,SUNY College of Technology at Canton,Canton,1,196015,44.604096,-75.182906
2843.0,0.8901,17225.0,0.4543,51629.0,SUNY College of Technology at Delhi,Delhi,1,196024,42.269859,-74.924612
1904.0,0.8402,18701.0,0.4234,45030.0,SUNY College of Agriculture and Technology at Cobleskill,Cobleskill,1,196033,42.672534,-74.498258
9552.0,0.6329,10867.0,0.5278,69781.0,Farmingdale State College,Farmingdale,1,196042,40.754224,-73.42832
1923.0,0.9154,15939.0,0.2808,43295.0,SUNY Morrisville,Morrisville,1,196051,42.893962,-75.640583
12564.0,0.691,17167.0,0.6145,67979.0,University at Albany,Albany,1,196060,42.685489,-73.824662
14655.0,0.3861,21620.0,0.8162,80596.0,Binghamton University,Vestal,1,196079,42.087868,-75.966889
20112.0,0.7418,20995.0,0.7518,70814.0,University at Buffalo,Buffalo,1,196088,43.000942,-78.789458
18101.0,0.4904,18784.0,0.7556,74502.0,Stony Brook University,Stony Brook,1,196097,40.91476,-73.12046
1839.0,0.6328,18952.0,0.6632,55763.0,SUNY College of Environmental Science and Forestry,Syracuse,1,196103,43.034765,-76.138724
1849.0,0.8135,14164.0,0.5508,64355.0,SUNY Polytechnic Institute,Utica,1,196112,43.137701,-75.229841
5784.0,0.7068,16353.0,0.5513,54496.0,SUNY Brockport,Brockport,1,196121,43.211926,-77.947188
5097.0,0.7295,11346.0,0.3331,52334.0,SUNY Buffalo State University,Buffalo,1,196130,42.933832,-78.882125
5901.0,0.5979,22345.0,0.6803,60236.0,State University of New York at Cortland,Cortland,1,196149,42.598022,-76.188655
2755.0,0.777,15897.0,0.5021,54247.0,SUNY at Fredonia,Fredonia,1,196158,42.452236,-79.337375
3869.0,0.6645,18211.0,0.7145,67316.0,SUNY College at Geneseo,Geneseo,1,196167,42.796645,-77.821894
6086.0,0.6161,18809.0,0.716,58073.0,State University of New York at New Paltz,New Paltz,1,196176,41.740936,-74.082188
4643.0,0.696,19158.0,0.6881,60386.0,SUNY Oneonta,Oneonta,1,196185,42.468861,-75.063632
5473.0,0.8055,16236.0,0.6036,57566.0,State University of New York at Oswego,Oswego,1,196194,43.454287,-76.540798
1823.0,0.777,13624.0,0.453,47866.0,SUNY College at Potsdam,Potsdam,1,196200,44.662148,-74.973815
3197.0,0.7405,18913.0,0.6277,45092.0,SUNY at Purchase College,Purchase,1,196219,41.047223,-73.701955
,,,,,SUNY College of Optometry,New York,1,196228,40.754465,-73.982236
4162.0,0.8363,11282.0,0.4457,58526.0,SUNY Old Westbury,Old Westbury,1,196237,40.799021,-73.571907
3769.0,0.7841,17156.0,0.5851,56403.0,State University of New York at Plattsburgh,Plattsburgh,1,196246,44.69293,-73.466536
293.0,,,,109601.0,SUNY Downstate Health Sciences University,Brooklyn,1,196255,40.653855,-73.945535
7585.0,,11676.0,0.4123,54080.0,Empire State University,Saratoga Springs,1,196264,43.077283,-73.782484
1285.0,0.7241,22367.0,0.6439,95951.0,SUNY Maritime College,Throggs Neck,1,196291,40.807217,-73.795309
159.0,,,,92257.0,Upstate Medical University,Syracuse,1,196307,43.041819,-76.140009
1227.0,,29688.0,,29699.0,Swedish Institute a College of Health Sciences,New York,3,196389,40.746384,-73.99567
15477.0,0.4592,38793.0,0.8361,79164.0,Syracuse University,Syracuse,2,196413,43.036644,-76.133989
400.0,0.7719,10755.0,0.2222,39230.0,Talmudical Seminary Oholei Torah,Brooklyn,2,196431,40.670089,-73.945759
13.0,1.0,7299.0,,,Talmudical Institute of Upstate New York,Rochester,2,196440,43.147062,-77.574943
,,,,73294.0,Teachers College at Columbia University,New York,2,196468,40.810216,-73.960194
1469.0,,12723.0,,40707.0,Tompkins Cortland Community College,Dryden,1,196565,42.502006,-76.287586
82.0,0.5556,24475.0,0.0,,Torah Temimah Talmudical Seminary,Staten Island,2,196583,40.557785,-74.168769
4040.0,0.6083,29627.0,0.7239,53419.0,Touro University,New York,2,196592,40.756832,-73.987049
984.0,0.9749,16636.0,0.3086,55318.0,Trocaire College,Buffalo,2,196653,42.846693,-78.812398
11550.0,,,,78493.0,Excelsior University,Albany,2,196680,42.705487,-73.862981
1341.0,,5035.0,,41896.0,Ulster County Community College,Stone Ridge,1,196699,41.851218,-74.128698
2046.0,0.4392,34561.0,0.8039,88604.0,Union College,Schenectady,2,196866,42.818097,-73.928788
,,,,,Union Theological Seminary in the City of New York,New York,2,196884,40.811823,-73.961549
2241.0,,6640.0,0.5813,25113.0,United Talmudical Seminary,Brooklyn,2,197018,40.705687,-73.959113
962.0,0.3424,6174.0,0.8238,90610.0,United States Merchant Marine Academy,Kings Point,1,197027,40.81357,-73.763004
4408.0,0.1245,,0.8706,,United States Military Academy,West  Point,1,197036,41.388988,-73.956772
2278.0,0.9195,19108.0,0.5624,63277.0,Utica University,Utica,2,197045,43.096213,-75.272916
2444.0,0.1857,39343.0,0.9108,71366.0,Vassar College,Poughkeepsie,2,197133,41.686895,-73.895088
603.0,0.8659,13494.0,0.3145,38857.0,Villa Maria College,Buffalo,2,197142,42.91223,-78.796823
3244.0,0.9264,57914.0,0.7568,46459.0,School of Visual Arts,New York,3,197151,40.738809,-73.982359
1651.0,0.88,28241.0,0.6514,74360.0,Wagner College,Staten Island,2,197197,40.615588,-74.092913
106.0,0.1404,73043.0,0.88,,Webb Institute,Glen Cove,2,197221,40.884444,-73.644909
759.0,0.9442,16296.0,0.3765,42215.0,The College of Westchester,White Plains,3,197285,41.033687,-73.784404
8078.0,,9373.0,,46822.0,SUNY Westchester Community College,Valhalla,1,197294,41.068458,-73.789669
59.0,,12932.0,,32170.0,Westchester School of Beauty Culture,Mount Vernon,3,197337,40.912476,-73.837751
489.0,,14516.0,,36173.0,Word of Life Bible Institute,Pottersville,2,197531,43.730713,-73.812057
139.0,,6393.0,0.2286,,Yeshiva Karlin Stolin,Brooklyn,2,197601,40.624918,-73.983373
115.0,0.8824,12072.0,0.8,,Yeshiva Derech Chaim,Brooklyn,2,197647,40.636889,-73.979757
243.0,,10880.0,0.1132,41785.0,Yeshiva of Nitra Rabbinical College,Chester,2,197674,41.353674,-74.255911
76.0,0.7222,8850.0,0.5333,,Yeshivath Shaar Hatorah,Kew Gardens,2,197692,40.704048,-73.835009
2852.0,0.5562,49965.0,0.832,71353.0,Yeshiva University,New York,2,197708,40.850605,-73.929873
1159.0,,8929.0,0.6932,,Yeshivath Viznitz,Monsey,2,197735,41.114682,-74.070243
201.0,0.3,8894.0,0.7,,Yeshivath Zichron Moshe,South Fallsburg,2,197744,41.73048,-74.621823
,,,,,Hebrew Union College-Jewish Institute of Religion,New York,2,203067,40.728938,-73.994499
61.0,0.375,8447.0,0.0,,Bais Medrash Elyon,Monsey,2,245777,41.114079,-74.069798
,,,,,HJ International Graduate School for Peace and Public Leadership,New York,2,246789,40.754309,-73.981154
15.0,,13850.0,,,Center for Instruction Technology & Innovation,Mexico,1,364964,43.457841,-76.259308
,,,,,New York Academy of Art,New York,2,366368,40.718388,-74.006019
14218.0,,5258.0,,49907.0,Suffolk County Community College,Selden,1,366395,40.848963,-73.056165
226.0,,5646.0,0.2162,36545.0,Yeshiva Gedolah Imrei Yosef D'spinka,Brooklyn,2,375230,40.628468,-73.992328
113.0,1.0,25063.0,,41169.0,Madison Oneida BOCES-Practical Nursing Program,Verona,1,379621,43.141074,-75.560043
232.0,,22689.0,,26900.0,Long Island Beauty School-Hauppauge,Hauppauge,3,383297,40.828573,-73.200285
24.0,,11651.0,,47270.0,Erie 2 Chautauqua Cattaraugus BOCES-Practical Nursing Program,Angola,1,383525,42.117532,-79.21915
,,,,,Albert Einstein College of Medicine,Bronx,2,385415,40.852847,-73.846327
449.0,0.844,23921.0,,24366.0,Seminar L'moros Bais Yaakov,Brooklyn,2,386153,40.634863,-73.985376
,,,,,Mercaz Hatorah of Belle Harbor,Belle Harbor,2,389745,,
14.0,0.0,,,,School of Professional Horticulture New York Botanical Garden,Bronx,2,392354,40.866742,-73.878164
157.0,0.9038,7032.0,0.8077,,Yeshivas Novominsk,Brooklyn,2,405058,40.623395,-73.989968
232.0,,32594.0,0.4118,,Rabbinical College of Ohr Shimon Yisroel,Brooklyn,2,405854,40.704389,-73.956772
166.0,,20757.0,,43956.0,Schuyler Steuben Chemung Tioga Allegany BOCES,Elmira,1,406325,42.148617,-76.837531
31.0,,26001.0,,48116.0,Delaware Chenango Madison Otsego BOCES-Practical Nursing Program,Norwich,1,406361,42.585293,-75.520079
56.0,,16747.0,,32014.0,Orlo School of Hair Design and Cosmetology,Albany,3,407434,42.674053,-73.784587
204.0,,29578.0,,,Shear Ego International School of Hair Design,Rochester,3,412544,43.208124,-77.602821
330.0,,57004.0,0.5556,26209.0,Pacific College of Health and Science,New York,3,414595,40.7088,-74.006721
67.0,,30563.0,,34186.0,Allen School-Jamaica,Jamaica,3,415987,40.704694,-73.796295
31.0,0.3111,14384.0,,,Clinton Essex Warren Washington BOCES,Plattsburgh,1,417868,44.693228,-73.517906
23.0,,,,47886.0,Jefferson Lewis BOCES-Practical Nursing Program,Watertown,1,417886,43.970515,-75.97014
193.0,,39938.0,,62185.0,Veeb Nassau County School of Practical Nursing,Hicksville,1,417910,40.766548,-73.520569
31.0,,15000.0,,39581.0,Cattaraugus Allegany BOCES-Practical Nursing Program,Olean,1,417983,42.093196,-78.405395
74.0,1.0,25337.0,,57794.0,Orange Ulster BOCES,Newburgh,1,417992,41.501084,-74.00786
99.0,0.4231,16640.0,,53233.0,Broome Delaware Tioga BOCES-Practical Nursing Program,Endicott,1,418010,42.115372,-75.96581
35.0,0.8776,18800.0,,48129.0,Washington Saratoga Warren Hamilton Essex BOCES-Practical Nursing Program,Hudson Falls,1,418029,43.32149,-73.594331
187.0,,23506.0,,47733.0,Albany BOCES-Adult Practical Nursing Program,Albany,1,418038,42.744858,-73.824182
310.0,0.7895,24557.0,,63394.0,Eastern Suffolk BOCES,Sayville,1,418065,40.738793,-73.086618
37.0,,35609.0,,68647.0,Rockland County BOCES-Practical Nursing Program,West Nyack,1,418083,41.121255,-73.979871
58.0,,,0.5,31601.0,New York College of Health Professions,Syosset,2,418126,40.811129,-73.51534
38.0,,,,,Charles Stuart School of Diamond Setting,Brooklyn,3,418171,40.608484,-73.95856
84.0,0.3684,8289.0,0.0625,,Yeshiva D'monsey Rabbinical College,Monsey,2,420325,41.114173,-74.064721
286.0,,,,49667.0,Western Suffolk BOCES,Northport,1,420468,40.877083,-73.343689
1002.0,,11706.0,,26020.0,Manhattan School of Computer Technology,Brooklyn,2,420981,40.63473,-73.967118
110.0,,31786.0,,27249.0,Merkaz Bnos-Business School,Brooklyn,2,427308,40.601511,-73.997176
34.0,,7746.0,,,Lia Schorr Institute of Cosmetic Skin Care Training,New York,3,427335,40.764401,-73.976807
74.0,,19698.0,,,Studio Jewelers,New York,3,430564,40.745464,-73.983774
32.0,0.4286,33996.0,,45439.0,Cayuga Onondaga BOCES-Practical Nursing Program,Auburn,1,430883,42.9419,-76.587981
30.0,,27232.0,,26379.0,New York Institute of Massage Inc,Williamsville,3,431071,42.976035,-78.695815
81.0,,35346.0,,48363.0,Dutchess BOCES-Practical Nursing Program,Poughkeepsie,1,431105,41.743538,-73.866875
93.0,,23658.0,,46695.0,Genesee Valley BOCES-Practical Nursing Program,Batavia,1,431196,43.014665,-78.182909
58.0,,18150.0,,41763.0,Herkimer County BOCES-Practical Nursing Program,Herkimer,1,431275,43.03504,-74.986641
73.0,1.0,,0.8889,,Yeshiva of the Telshe Alumni,Riverdale,2,431983,40.896668,-73.911096
383.0,,12987.0,,47114.0,Erie 1 BOCES,West Seneca,1,439622,42.851567,-78.78642
3.0,,,,,New York College of Traditional Chinese Medicine,Mineola,2,439783,40.73945,-73.638911
,,,,,Northeastern Seminary,Rochester,2,439817,43.122873,-77.8007
470.0,,24721.0,,50963.0,New York Automotive and Diesel Institute,Jamaica,3,440262,40.705073,-73.780592
354.0,,19002.0,,40658.0,Onondaga Cortland Madison BOCES,Liverpool,1,440730,43.096302,-76.174381
357.0,,12699.0,,25916.0,Metropolitan Learning Institute,Rego Park,2,441575,40.72921,-73.858441
30.0,,18371.0,,,Orleans Niagara BOCES-Practical Nursing Program,Lockport,1,441593,43.169631,-78.692579
152.0,0.3667,10753.0,,89548.0,Yeshiva Shaarei Torah of Rockland,Suffern,2,441609,41.12362,-74.090159
22.0,,20598.0,,26249.0,Leon Studio One School of Beauty Knowledge,Williamsville,3,441618,42.961017,-78.752161
206.0,0.7895,10909.0,0.5263,,Beis Medrash Heichal Dovid,Far Rockaway,2,444413,40.596845,-73.751633
2957.0,,4156.0,0.7019,31853.0,Uta Mesivta of Kiryas Joel,Monroe,2,446604,41.333864,-74.161179
293.0,,21623.0,,28013.0,Aveda Arts & Sciences Institute-New York,New York,3,448071,40.725861,-74.00497
136.0,,22795.0,,18753.0,Brittany Beauty Academy,Bronx,3,449311,40.860976,-73.897121
1131.0,,34128.0,,46396.0,Lincoln Technical Institute-Whitestone,Whitestone,3,449320,40.784113,-73.82885
275.0,,41063.0,,,Ace Institute of Technology,New York,3,449676,40.753658,-73.993385
187.0,,,,31997.0,New Age Training,New York,3,449685,40.748345,-73.991591
602.0,0.9787,2840.0,0.3922,22432.0,Talmudical Seminary of Bobov,Brooklyn,2,451404,40.634485,-73.995378
437.0,0.1852,48150.0,,107249.0,Center for Allied Health Education,Brooklyn,3,451413,40.608783,-73.958977
112.0,,3283.0,,35778.0,Career School of NY,Staten Island,2,455220,40.641352,-74.078168
515.0,0.7006,22870.0,0.7375,,Yeshiva of Machzikai Hadas,Brooklyn,2,455257,40.636104,-73.990592
151.0,,16787.0,,41461.0,EDP School,Brooklyn,2,457794,40.58605,-73.952901
452.0,1.0,28089.0,,40540.0,New York Medical Career Training Center,Flushing,3,457800,40.7608,-73.829753
589.0,,,,47865.0,Institute of Culinary Education,New York,3,457819,40.712449,-74.015637
142.0,,18346.0,,26460.0,The Salon Professional Academy-Tonawanda,Tonawanda,3,457837,42.981584,-78.824364
96.0,,24336.0,,32002.0,Paul Mitchell the School-NYC,Staten Island,3,457855,40.573227,-74.114517
961.0,,25431.0,,38830.0,Mildred Elley-New York Campus,New York,3,461014,40.70563,-74.013948
299.0,,16070.0,,40826.0,Atelier Esthetique Institute of Esthetics,New York,3,461768,40.746376,-73.995669
249.0,,18337.0,,23404.0,Long Island Nail Skin & Hair Institute,Bethpage,3,461838,40.759423,-73.489818
152.0,,20904.0,,23906.0,Continental School of Beauty Culture-Mattydale,Mattydale,3,467094,43.105938,-76.147295
44.0,,,,,Relay Graduate School of Education,New York,2,475033,40.70563,-74.013948
120.0,,16348.0,,,New York School of Esthetics & Day Spa,white plains,3,475404,41.035422,-73.781183
65.0,1.0,,,40054.0,Finger Lakes Health College of Nursing & Health Sciences,Geneva,2,475422,42.876429,-76.987844
978.0,,5833.0,,,CUNY Stella and Charles Guttman Community College,New York,1,475565,40.75281,-73.984131
31.0,,,,106192.0,Miami Ad School-New York,Astoria,3,476355,40.755046,-73.925071
16.0,,15730.0,,,Barber & Beauty Institute of New York,Hempstead,3,476610,40.69983,-73.615341
765.0,,4543.0,0.5878,17360.0,Be'er Yaakov Talmudic Seminary,Spring Valley,2,476717,41.1382062,-74.029573
164.0,,11171.0,,,Aesthetic Science Institute,Latham,3,476878,42.76194,-73.794947
8841.0,,15187.0,0.233,32568.0,Bryant & Stratton College-Online,Orchard Park,2,480091,42.790174,-78.770363
,,,,,Sotheby's Institute of Art-NY,New York,3,481094,40.756988,-73.972232
211.0,,27491.0,,,New York Institute of Beauty,Islandia,3,481243,40.80235,-73.189261
57.0,,12714.0,,,Sharp Edgez Barber Institute,Rochester,3,481331,43.200074,-77.637278
84.0,0.5238,10157.0,0.3478,,Yeshiva Gedolah Kesser Torah,Monsey,2,481410,41.124819,-74.068553
67.0,,17264.0,,24022.0,Empire Beauty School-Rochester,Rochester,3,481845,43.216013,-77.726297
104.0,,21774.0,,,ARROJO Academy,New York,3,482194,40.72765,-74.005007
86.0,1.0,12855.0,0.3077,45987.0,DeVry College of New York,New York,3,482413,40.747747,-73.983492
226.0,,24289.0,,,Electrical and HVAC/R Training Center,Copiague,3,483382,40.680471,-73.404943
511.0,,,,,Access Careers,Hempstead,3,483708,40.709502,-73.61531
7.0,,13824.0,,,Alliance Computing Solutions,Flushing,3,483850,40.76156,-73.831481
87.0,,19058.0,,,Paul Mitchell the School-Schenectady,Schenectady,3,484011,42.813241,-73.941968
114.0,,6223.0,0.3636,,Rabbinical College Ohr Yisroel,Brooklyn,2,484871,40.629707,-73.896524
87.0,,17083.0,,22377.0,Empire Beauty School-Buffalo,Cheektowaga,3,485014,42.908206,-78.755118
67.0,,16177.0,,,Westchester School for Medical & Dental Assistants,Ardsley,3,485801,41.023908,-73.842769
112.0,0.8889,10273.0,0.5769,,Bet Medrash Gadol Ateret Torah,Brooklyn,2,485999,40.607809,-73.969945
23.0,0.5,,0.5714,,Yeshiva Ohr Yisrael,Brooklyn,2,486017,40.61359,-73.944041
130.0,1.0,12217.0,0.3043,,Yeshiva Sholom Shachna,Brooklyn,2,486026,40.6275,-73.973431
,,,,,Elmezzi Graduate School of Molecular Medicine,Manhasset,2,486080,40.775582,-73.702257
226.0,0.5278,13376.0,0.2069,,Beth Medrash Meor Yitzchok,Monsey,2,486196,41.100906,-74.060843
37.0,,43250.0,,,Center for Ultrasound Research & Education,White Plains,3,486381,41.028851,-73.746486
552.0,,34613.0,,,AMG School of Nursing,Brooklyn,3,486415,40.701286,-73.985092
9.0,,10121.0,,63394.0,Eastern Suffolk BOCES,Riverhead,1,486877,40.927928,-72.671895
31.0,,11330.0,,63394.0,Eastern Suffolk BOCES,Oakdale,1,486886,40.745531,-73.109752
41.0,0.25,,0.5,,Yeshiva Zichron Aryeh,Far Rockaway,2,487746,40.606105,-73.764423
15.0,,,,,Central Yeshiva Beth Joseph,Airmont,2,488004,40.615411,-73.959386
64.0,,23581.0,,,Focus Personal Training Institute,New York,3,488253,40.745926,-73.991731
100.0,1.0,8840.0,0.6667,,Elim Bible College,Lima,2,488305,42.909692,-77.615151
113.0,,10539.0,0.0625,,Yeshiva Shaar Ephraim,Monsey,2,490276,41.116935,-74.060858
122.0,,,,,Mechon L'hoyroa,Monsey,2,490328,41.117029,-74.058177
79.0,,12438.0,,,Elyon College,Brooklyn,2,490346,40.611081,-73.980593
47.0,1.0,13021.0,0.625,,Yeshiva Ohr Naftoli,New Windsor,2,490504,41.456984,-74.046291
499.0,0.7368,,0.8,,Yeshiva Kollel Tifereth Elizer,Brooklyn,2,491057,40.637096,-73.992171
124.0,0.8818,14990.0,,,Bnos Zion Of Bobov Seminary,Brooklyn,2,491446,40.633353,-73.991157
186.0,,41569.0,,,Transitions Career Institute School of Nursing,College Point,3,491774,40.783208,-73.835811
63.0,0.36,9083.0,0.6154,,Yeshiva of Ocean,Greenfield Park,2,493594,41.732961,-74.501698
168.0,,13075.0,0.2593,,Congregation Talmidei Mesivta Tiferes Shmiel Aleksander,Brooklyn,2,493600,40.624233,-73.994778
280.0,0.9619,15111.0,,,Ohel Margulia Seminary,Monsey,2,493646,41.121761,-74.065165
65.0,1.0,13174.0,0.5,,Yeshivat Hechal Shemuel,Brooklyn,2,493664,40.610906,-73.955944
97.0,0.7602,15252.0,,,New York Seminary,Brooklyn,2,493798,40.63193,-73.977011
300.0,0.9328,15748.0,,,Derech Hachaim Seminary,Monroe,2,494463,41.337206,-74.161936
223.0,,11549.0,0.4286,,Yeshiva Yesoda Hatorah Vetz Chaim,Brooklyn,2,494737,40.706959,-73.961026
312.0,,,,,Access Careers-Islandia,Islandia,3,494904,40.800874,-73.175617
51.0,0.6923,27689.0,0.7143,,Bais Medrash of Dexter Park,Chestnut Ridge,2,495031,41.081404,-74.045927
,,,,,Academy for Jewish Religion,Yonkers,2,497718,40.936234,-73.90014
185.0,,9200.0,0.1087,,Yeshiva of Kasho,Brooklyn,2,498809,40.671255,-74.00015
98.0,,10071.0,0.3103,,Yeshivas Sanz Klauzenburg,Brooklyn,2,498906,40.632725,-73.990129
328.0,,22793.0,,,Austin Medical Assistant Training,Forest Hills,3,499547,40.719358,-73.841581
82.0,0.0183,,,,Atlantic Acting School,New York,2,499866,40.74193,-74.004249
,,,,,Beauty Culture Academy,Staten Island,3,500731,,
,,,,,Congregation YMH,Brooklyn,2,500740,,
,,,,,Eisek Hatorah DRachmistrivka,Staten Island,2,500759,,
,,,,,Yeshiva Gedola Amidei Dgirsa,Brooklyn,2,501390,,
,,,,46543.0,Bard College - Coxsackie Correctional Facility,Coxsackie,2,18908802,,
,,,,46543.0,Bard College - Eastern NY Correctional Facility,Napanoch,2,18908803,,
,,,,46543.0,Bard College - Fishkill Correctional Facility,Beacon,2,18908804,,
,,,,46543.0,Bard College - Green Haven Correctional Facility,Stormville,2,18908805,,
,,,,46543.0,Bard College - Taconic Correctional Facility,Bedford Hill,2,18908806,,
,,,,46543.0,Bard College - Woodbourne Correctional Facility,Woodbourne,2,18908807,,
,,,,46543.0,Bard College - Brooklyn Public Library,Brooklyn,2,18908809,,
,,,,46543.0,Bard College - New York Public Library Countee Cullen Branch,New York,2,18908811,,
,,,,46543.0,Bard College - Bard Globalization and International Affairs Program,New York,2,18908812,,
,,,,46543.0,Bard College - Albion Correctional Facility,Albion,2,18908814,,
,,,,32568.0,Bryant & Stratton College-Syracuse,Syracuse,2,18956501,,
,,,,32568.0,Bryant & Stratton College-Amherst,Getzville,2,18958301,,
,,,,32568.0,Bryant & Stratton College-Southtowns,Orchard Park,2,18958302,,
,,,,32568.0,Bryant & Stratton College-Henrietta,Rochester,2,18959201,,
,,,,89696.0,Clarkson University Capital Region Campus,Latham,2,19004401,,
,,,,60752.0,CUNY Brooklyn College - Feirstein Graduate School of Cinema,Brooklyn,1,19054901,,
,,,,54295.0,Pratt Manhattan-A Division of Pratt Institute,New York,2,19457801,,
,,,,,Rabbinical Seminary of America-Ma'yan HaTorah,Flushing,2,19476301,,
,,,,39544.0,SAE Institute of Technology-New York,New York,3,44652501,,
,,,,,Sharp Edgez Barber Institute - Buffalo,Buffalo,3,48133101,,
