name,student_pop,acceptance_rate,avg_net_price,graduation_rate,earnings_10y_post_grad,city,ownership,id
Adelphi University,5276,0.6591,30783,0.6715,75482,Garden City,2,188429
SUNY Adirondack,1844,,10389,,41267,Queensbury,1,188438
Alfred University,1423,0.7384,25620,0.5698,54897,Alfred,2,188641
American Musical and Dramatic Academy,1438,0.2448,41416,0.7164,26975,New York,2,188854
Bard College,2414,0.5212,34649,0.6756,46543,Annandale-On-Hudson,2,189088
Barnard College,3264,0.0884,28800,0.9302,80516,New York,2,189097
Berkeley College-New York,1449,,34124,0.4401,45884,New York,3,189228
Boricua College,391,,15245,0.806,35348,New York,2,189413
SUNY Broome Community College,3055,,8940,,39710,Binghamton,1,189547
Canisius University,1685,0.7236,17940,0.6639,60681,Buffalo,2,189705
Cayuga County Community College,1187,,8662,,38709,Auburn,1,189839
Clarkson University,2196,0.7736,30305,0.7491,89696,Potsdam,2,190044
Clinton Community College,400,,9112,,39246,Plattsburgh,1,190053
Metropolitan College of New York,402,0.9,28882,0.4,46236,New York,2,190114
Colgate University,3180,0.1388,28786,0.9117,85139,Hamilton,2,190099
Columbia University in the City of New York,8973,0.0399,21590,0.961,102491,New York,2,190150
Columbia-Greene Community College,876,,6559,,44441,Hudson,1,190169
Cornell University,15995,0.0876,28690,0.9538,104043,Ithaca,2,190415
SUNY Corning Community College,1138,,7373,,38817,Corning,1,190442
Culinary Institute of America,3011,0.9115,36113,0.6292,47475,Hyde Park,2,190503
CUNY Bernard M Baruch College,16154,0.4752,3033,0.7212,75971,New York,1,190512
CUNY Borough of Manhattan Community College,18623,,4976,,42306,New York,1,190521
CUNY Brooklyn College,10543,0.5836,3103,0.5386,60752,Brooklyn,1,190549
College of Staten Island CUNY,9657,0.9234,5579,0.3393,53501,Staten Island,1,190558
CUNY City College,12505,0.6002,3776,0.5682,66039,New York,1,190567
CUNY Hostos Community College,4900,,5297,,40485,Bronx,1,190585
CUNY Hunter College,16289,0.538,2984,0.5686,63163,New York,1,190594
CUNY John Jay College of Criminal Justice,11590,0.5711,3203,0.5583,56195,New York,1,190600
CUNY Kingsborough Community College,7670,,5606,,42621,Brooklyn,1,190619
CUNY LaGuardia Community College,11254,,6120,,41653,Long Island City,1,190628
CUNY Lehman College,10696,0.5658,3148,0.5128,58013,Bronx,1,190637
CUNY Medgar Evers College,3233,0.8605,5718,0.1977,46498,Brooklyn,1,190646
CUNY New York City College of Technology,13580,0.8029,5127,0.2147,49365,Brooklyn,1,190655
CUNY Queens College,12550,0.6435,4195,0.5325,62763,Queens,1,190664
CUNY Queensborough Community College,8940,,4458,,44214,Bayside,1,190673
CUNY York College,4345,0.641,4456,0.3225,56945,Jamaica,1,190691
D'Youville  University,1258,0.8137,20433,0.6749,66942,Buffalo,2,190716
Daemen University,1643,0.6826,18693,0.5888,61808,Amherst,2,190725
Dominican University New York,1105,0.633,41832,0.5251,61171,Orangeburg,2,190761
Dutchess Community College,3824,,10065,,43929,Poughkeepsie,1,190840
Elmira College,708,0.7696,22386,0.6471,57550,Elmira,2,190983
Erie Community College,6099,,7765,,41228,Buffalo,1,191083
Fashion Institute of Technology,7637,0.6024,19095,0.8068,62696,New York,1,191126
Finger Lakes Community College,2980,,13898,,40054,Canandaigua,1,191199
Five Towns College,547,0.5382,22992,0.5532,35887,Dix Hills,3,191205
Fordham University,10512,0.5931,44338,0.8191,85569,Bronx,2,191241
Fulton-Montgomery Community College,1001,,6696,,39535,Johnstown,1,191302
Genesee Community College,1973,,8334,,39674,Batavia,1,191339
Hamilton College,2030,0.1362,28985,0.9063,78411,Clinton,2,191515
Hartwick College,1087,0.696,31320,0.5332,61107,Oneonta,2,191533
Herkimer County Community College,1168,,13419,,39199,Herkimer,1,191612
Hilbert College,921,0.972,22723,0.5631,48309,Hamburg,2,191621
Hobart William Smith Colleges,1786,0.6399,31563,0.7725,68831,Geneva,2,191630
Hofstra University,6488,0.6808,34176,0.6854,69039,Hempstead,2,191649
Houghton University,753,0.8866,20519,0.6522,46721,Houghton,2,191676
Hudson Valley Community College,6499,,8501,,45460,Troy,1,191719
Iona University,2951,0.8694,29188,0.56,73595,New Rochelle,2,191931
Ithaca College,4242,0.6901,33926,0.7623,63548,Ithaca,2,191968
Jamestown Community College,1739,,9850,,38242,Jamestown,1,191986
Jefferson Community College,1499,,11923,,39991,Watertown,1,192022
The Juilliard School,468,0.0915,43571,0.9256,37827,New York,2,192110
Keuka College,966,0.6808,24338,0.5836,58289,Keuka Park,2,192192
LIM College,1187,0.959,38667,0.5087,58956,New York,3,192271
Le Moyne College,2439,0.8298,22277,0.7313,62731,Syracuse,2,192323
Long Island University,5520,0.8616,33062,0.5707,59950,Brookville,2,192448
Manhattan University,2744,0.7894,27256,0.6371,86316,Riverdale,2,192703
Manhattan School of Music,539,0.4078,51754,0.7832,26878,New York,2,192712
Manhattanville University,1362,0.8734,20991,0.5842,58832,Purchase,2,192749
Maria College of Albany,656,0.4448,13082,0.3,55458,Albany,2,192785
Marist University,5182,0.5651,41544,0.796,77819,Poughkeepsie,2,192819
Marymount Manhattan College,1577,0.8261,36861,0.4904,49131,New York,2,192864
Mercy University,5735,0.8584,14072,0.4571,52055,Dobbs Ferry,2,193016
Mohawk Valley Community College,2950,,8987,,39850,Utica,1,193283
Molloy University,3162,0.8174,24347,0.6993,77789,Rockville Centre,2,193292
Monroe University,5701,0.6751,14522,0.5655,41236,Bronx,3,193308
Monroe Community College,7623,,6353,,40174,Rochester,1,193326
Mount Saint Mary College,1148,0.8888,25522,0.6546,67705,Newburgh,2,193353
University of Mount Saint Vincent,2692,0.8511,21696,0.5683,65756,Bronx,2,193399
Nassau Community College,10630,,7095,,48248,Garden City,1,193478
Nazareth University,1873,0.7472,29357,0.7279,56458,Rochester,2,193584
The New School,6563,0.6347,58741,0.6937,52901,New York,2,193654
New York University,28663,0.0923,37050,0.8757,82509,New York,2,193900
Niagara County Community College,3084,,6876,,42285,Sanborn,1,193946
Niagara University,2653,0.8737,17248,0.7451,56196,Niagara University,2,193973
North Country Community College,819,,11868,,38276,Saranac Lake,1,194028
New York Institute of Technology,3440,0.8102,22443,0.5877,70080,Old Westbury,2,194091
New York School of Interior Design,427,0.6289,45271,0.6923,48041,New York,2,194116
Onondaga Community College,4456,,8562,,41190,Syracuse,1,194222
Orange County Community College,3989,,6794,,44117,Middletown,1,194240
Pace University,7665,0.7592,30892,0.6003,70378,New York,2,194310
Paul Smiths College of Arts and Science,579,0.7653,26683,0.5055,46145,Paul Smiths,2,194392
Plaza College,984,0.3,19860,0.6762,31519,Forest Hills,3,194499
Pratt Institute-Main,3910,0.7325,52659,0.7354,54295,Brooklyn,2,194578
Rensselaer Polytechnic Institute,5714,0.6347,36228,0.8362,102051,Troy,2,194824
Roberts Wesleyan University,1149,0.7063,23130,0.6667,55031,Rochester,2,194958
Rochester Institute of Technology,13215,0.6693,34906,0.6989,76571,Rochester,2,195003
University of Rochester,6331,0.4008,29278,0.8543,79042,Rochester,2,195030
Rockland Community College,3834,,11282,,50243,Suffern,1,195058
St Bonaventure University,2012,0.8165,27074,0.6673,57214,Saint Bonaventure,2,195164
St. Francis College,1684,,18129,0.5464,58099,Brooklyn,2,195173
St Lawrence University,1918,0.5434,28651,0.7906,67258,Canton,2,195216
St. Thomas Aquinas College,972,0.9305,19994,0.5404,62909,Sparkill,2,195243
Schenectady County Community College,1507,,8947,,40902,Schenectady,1,195322
Siena University,3409,0.6902,33733,0.7473,76079,Loudonville,2,195474
Skidmore College,2694,0.2105,32297,0.8257,69363,Saratoga Springs,2,195526
St. Joseph's University-New York,3144,0.7205,19035,0.6878,63905,Brooklyn,2,195544
St. John Fisher University,2565,0.664,28945,0.7417,66944,Rochester,2,195720
St. John's University-New York,9477,0.8343,29999,0.6609,69571,Queens,2,195809
Sullivan County Community College,836,,8482,,38354,Loch Sheldrake,1,195988
SUNY College of Technology at Alfred,3563,0.7568,15016,0.5506,50445,Alfred,1,196006
SUNY College of Technology at Canton,2741,0.9215,15268,0.3845,47860,Canton,1,196015
SUNY College of Technology at Delhi,2843,0.8901,17225,0.4543,51629,Delhi,1,196024
SUNY College of Agriculture and Technology at Cobleskill,1904,0.8402,18701,0.4234,45030,Cobleskill,1,196033
Farmingdale State College,9552,0.6329,10867,0.5278,69781,Farmingdale,1,196042
SUNY Morrisville,1923,0.9154,15939,0.2808,43295,Morrisville,1,196051
University at Albany,12564,0.691,17167,0.6145,67979,Albany,1,196060
Binghamton University,14655,0.3861,21620,0.8162,80596,Vestal,1,196079
University at Buffalo,20112,0.7418,20995,0.7518,70814,Buffalo,1,196088
Stony Brook University,18101,0.4904,18784,0.7556,74502,Stony Brook,1,196097
SUNY College of Environmental Science and Forestry,1839,0.6328,18952,0.6632,55763,Syracuse,1,196103
SUNY Polytechnic Institute,1849,0.8135,14164,0.5508,64355,Utica,1,196112
SUNY Brockport,5784,0.7068,16353,0.5513,54496,Brockport,1,196121
SUNY Buffalo State University,5097,0.7295,11346,0.3331,52334,Buffalo,1,196130
State University of New York at Cortland,5901,0.5979,22345,0.6803,60236,Cortland,1,196149
SUNY at Fredonia,2755,0.777,15897,0.5021,54247,Fredonia,1,196158
SUNY College at Geneseo,3869,0.6645,18211,0.7145,67316,Geneseo,1,196167
State University of New York at New Paltz,6086,0.6161,18809,0.716,58073,New Paltz,1,196176
SUNY Oneonta,4643,0.696,19158,0.6881,60386,Oneonta,1,196185
State University of New York at Oswego,5473,0.8055,16236,0.6036,57566,Oswego,1,196194
SUNY College at Potsdam,1823,0.777,13624,0.453,47866,Potsdam,1,196200
SUNY at Purchase College,3197,0.7405,18913,0.6277,45092,Purchase,1,196219
SUNY Old Westbury,4162,0.8363,11282,0.4457,58526,Old Westbury,1,196237
State University of New York at Plattsburgh,3769,0.7841,17156,0.5851,56403,Plattsburgh,1,196246
Empire State University,7585,,11676,0.4123,54080,Saratoga Springs,1,196264
SUNY Maritime College,1285,0.7241,22367,0.6439,95951,Throggs Neck,1,196291
Syracuse University,15477,0.4592,38793,0.8361,79164,Syracuse,2,196413
Tompkins Cortland Community College,1469,,12723,,40707,Dryden,1,196565
Touro University,4040,0.6083,29627,0.7239,53419,New York,2,196592
Trocaire College,984,0.9749,16636,0.3086,55318,Buffalo,2,196653
Ulster County Community College,1341,,5035,,41896,Stone Ridge,1,196699
Union College,2046,0.4392,34561,0.8039,88604,Schenectady,2,196866
United States Merchant Marine Academy,962,0.3424,6174,0.8238,90610,Kings Point,1,197027
United States Military Academy,4408,0.1245,,0.8706,,West  Point,1,197036
Utica University,2278,0.9195,19108,0.5624,63277,Utica,2,197045
Vassar College,2444,0.1857,39343,0.9108,71366,Poughkeepsie,2,197133
School of Visual Arts,3244,0.9264,57914,0.7568,46459,New York,3,197151
Wagner College,1651,0.88,28241,0.6514,74360,Staten Island,2,197197
Webb Institute,106,0.1404,73043,0.88,,Glen Cove,2,197221
The College of Westchester,759,0.9442,16296,0.3765,42215,White Plains,3,197285
SUNY Westchester Community College,8078,,9373,,46822,Valhalla,1,197294
CUNY Stella and Charles Guttman Community College,978,,5833,,,New York,1,475565
DeVry College of New York,86,1,12855,0.3077,45987,New York,3,482413